sha256	bytes	path
e84b5d76d78a53a3ee552f97fe8e5a404f6a69ab2bd64f2c50b2f06fa34e2a48	69307	after-build/Cargo.lock
885f5da0ae3d3b8cc73ac9c9c1a895e8db3a6b160a6707f50ea6e14c411da3e4	2021	after-build/Cargo.toml
a7cc0bdca880c5a1e1c1cb54193b5d389617700ef6ffd5dc502f5605e672388f	120	after-build/binary-sha256.txt
32649be1c8446d2f40ec4164ac93c06e61a0ea0ef89adf7a5f6f4c4df580cde7	13319	after-build/cargo-tree.txt
250f29e701272e6d83c7cd5dbbc6f50134785245b94cee4a427e4074fcfc45df	41	after-revision.txt
e84b5d76d78a53a3ee552f97fe8e5a404f6a69ab2bd64f2c50b2f06fa34e2a48	69307	before-build/Cargo.lock
885f5da0ae3d3b8cc73ac9c9c1a895e8db3a6b160a6707f50ea6e14c411da3e4	2021	before-build/Cargo.toml
a8ccdd780404310bb0275d291af31c565a6f864957fd17b11191226363712cb3	121	before-build/binary-sha256.txt
efe223d9deaa9639402da9644a7ccd0509457dec8c01d169238600a99b981771	13320	before-build/cargo-tree.txt
0e7f2e8c7fccb05ec9cdc5ea6cdfa70f6a3ceb21082911381e063761ffe7859e	41	before-revision.txt
0535bb1480e83c69fe356e41634e13a277dab7414cf5d563975b02388982cb37	3362	cpu.txt
250f29e701272e6d83c7cd5dbbc6f50134785245b94cee4a427e4074fcfc45df	41	harness-revision.txt
304b2da1acb50873067f72c7ff2aa0940963426a8b023c07c072675b28aab35d	113	kernel.txt
320160e153ded173115bb79e8feb983468338bea4863e8311943f2a8f063be8e	460	measurements/01-after/case.json
9be8c85ff86e21a332300cfe7c02673d5fc10a568e1a3d9089a89cb9c8d06bfa	178	measurements/01-after/child.json
e3b0c44298fc1c149afbf4c8996fb92427ae41e4649b934ca495991b7852b855	0	measurements/01-after/finish
461e8b105c5a2152fed7d088b5336e396855569a58dbb28aa5837bf94fb09646	125	measurements/01-after/kokuban.toml
3f470b14e083e78f8e8e629d7c7f0f434180ec520296fb1257e2852df2b46f48	3541	measurements/01-after/result.json
d3b885db755fc099015b9564a75b469c90d8a28771dc27be7c164eb00bf5c8b8	4495	measurements/01-after/sample.json
a37cc39cee6a405d936522a1f056c71aa8041a9c1e2afe6510e5bbc9bfb5c0bb	137	measurements/01-after/terminal.log
bd2219561cc450153166efe8d97004a8db475dca61ac249ceb90db975e96c0f1	460	measurements/01-before/case.json
eb6574a4dcd56f0ec7e85a33c2b3fb6fdb741e2447e8991b30f14ff758945eef	178	measurements/01-before/child.json
e3b0c44298fc1c149afbf4c8996fb92427ae41e4649b934ca495991b7852b855	0	measurements/01-before/finish
461e8b105c5a2152fed7d088b5336e396855569a58dbb28aa5837bf94fb09646	125	measurements/01-before/kokuban.toml
a054b1dfa2b9912b5855674c8df1829c1a387eee9bce12024c0d53770df45062	3550	measurements/01-before/result.json
e77849a1ff4d29a8bdca77cdc726e96e971aa3881340ae08d4fe713a33cf3327	4506	measurements/01-before/sample.json
8dcbd023920f8deac4f010d82497b39e254cb69f36bc393dd382d95d58121b7e	137	measurements/01-before/terminal.log
b2065845d3f22c3a1cfc00f46c4612b68ec4e5e783527f6c197175c072c4d5c7	460	measurements/02-after/case.json
875801d4ca619d04d9c5192279650c89ac7fe2ebcca58756a0b1c5890545f8c6	178	measurements/02-after/child.json
e3b0c44298fc1c149afbf4c8996fb92427ae41e4649b934ca495991b7852b855	0	measurements/02-after/finish
461e8b105c5a2152fed7d088b5336e396855569a58dbb28aa5837bf94fb09646	125	measurements/02-after/kokuban.toml
6b46df397a7810cd9dfa544a9fd0184da06e0be7ba933e4254d940a64c760f66	3544	measurements/02-after/result.json
5309c7b1ee7f2447c72ec0306f8f3f3f2e2dddff30e77231cafb617c505882c0	4498	measurements/02-after/sample.json
594958dc9f4467e9f179e18a333f8aba0052f5ce0408244ebaa69bba2140b83a	137	measurements/02-after/terminal.log
bc100a8ef0b91c845dd31d6a9a6781dd5ede95dc75fb65e7757f139dd4602479	460	measurements/02-before/case.json
90b2775e9ef1367ef7d9f8ce31ffa81a069d02f876360643cd9e63b95827ad8d	178	measurements/02-before/child.json
e3b0c44298fc1c149afbf4c8996fb92427ae41e4649b934ca495991b7852b855	0	measurements/02-before/finish
461e8b105c5a2152fed7d088b5336e396855569a58dbb28aa5837bf94fb09646	125	measurements/02-before/kokuban.toml
065d36be5dacebf5debd7a2ba2eccb08aa825c023230701e902c22bfb79bd0c9	3549	measurements/02-before/result.json
de66aaf8844f45f49e1d807b04601e2747d84364fdbfc9e9de50b9cd1ea5bbd5	4505	measurements/02-before/sample.json
b311258ce3a2dfff00a233a1ca36b5d86bac87e5e119f19636b9615ed5611f8e	137	measurements/02-before/terminal.log
c8d89959e48bcb92c9bf8cef9a992a8a88ca8527fa08e2097471635f66115af5	460	measurements/03-after/case.json
8baec9d7ea93ce2283ee183a3a03ce078c1b9e90405fd75254de1920992d3160	178	measurements/03-after/child.json
e3b0c44298fc1c149afbf4c8996fb92427ae41e4649b934ca495991b7852b855	0	measurements/03-after/finish
461e8b105c5a2152fed7d088b5336e396855569a58dbb28aa5837bf94fb09646	125	measurements/03-after/kokuban.toml
c5a7bdd848cbe26f185b2611991d88a69c996f3eb9358fa10b7d1ddcd900af95	3543	measurements/03-after/result.json
ad50d3729d05bcac574b55b7c5ef81267304821ba4432966f9165985c0d7e346	4497	measurements/03-after/sample.json
dcc8f02968cf03d7ad9ebe924332ebbfe8ca7003b30ffc1e9f6087f57028c7e5	137	measurements/03-after/terminal.log
dfe46a037000a4b4bddfa6b01ee8e8311e9fb2c25fa8b5229c6ba8c370e195c2	460	measurements/03-before/case.json
e4d21af055ff2eac7a53a1ed0d5af57fcad6cbb403f8874a9161824b135bb4aa	178	measurements/03-before/child.json
e3b0c44298fc1c149afbf4c8996fb92427ae41e4649b934ca495991b7852b855	0	measurements/03-before/finish
461e8b105c5a2152fed7d088b5336e396855569a58dbb28aa5837bf94fb09646	125	measurements/03-before/kokuban.toml
ef64134e69f2c2dadd814575acebab25d59b4b56cffd66fe2b8426990d834945	3520	measurements/03-before/result.json
44fc8d6e3341d70ad465166443aacd3121ffb155ceaac5f3225f5af869bd1069	4476	measurements/03-before/sample.json
403e567760b84dca1a44279a430a457e49218f926b4d5fe55e140e2c43f0c897	137	measurements/03-before/terminal.log
404e176a5d366bb8f39579c82da09b051dcd5c43de7afe9b70e66983834dc964	460	measurements/04-after/case.json
c6972702c7f00f20e54e18bff281f2ffb8ee958a95cb0cae2f7cfddbcb773fc6	178	measurements/04-after/child.json
e3b0c44298fc1c149afbf4c8996fb92427ae41e4649b934ca495991b7852b855	0	measurements/04-after/finish
461e8b105c5a2152fed7d088b5336e396855569a58dbb28aa5837bf94fb09646	125	measurements/04-after/kokuban.toml
23f3bb76327d1b6f2e93952c1f67ea004e8ecc1484d4e4e8e69c2ed5fd6fb020	3532	measurements/04-after/result.json
b4d7988ff85bb087079e6631f5f26a8383a6a273c80a394e980c004944d59697	4486	measurements/04-after/sample.json
9645cddd95297b31e8c3873124e3af01017d29867a6620679fa1408dcde54b74	137	measurements/04-after/terminal.log
8093bda5924990951203da3ab191c92a49824c2717c4f21a3d7a29c4e3cc7436	460	measurements/04-before/case.json
ac3e7ad70b3fb5dbe84474866acdfd046d34d0729bcd47d5482d34d45f7ab9a6	178	measurements/04-before/child.json
e3b0c44298fc1c149afbf4c8996fb92427ae41e4649b934ca495991b7852b855	0	measurements/04-before/finish
461e8b105c5a2152fed7d088b5336e396855569a58dbb28aa5837bf94fb09646	125	measurements/04-before/kokuban.toml
be150babc06fcf2976e29edf0c6bc2aa9309fa79a3f25adfb9b061d6c141a0a9	3531	measurements/04-before/result.json
f467985dd7f31f6191e7dc96edd2c5086eed425516add20dfb7db77534bddaf8	4487	measurements/04-before/sample.json
75727c7a995b9d19000d0db4a57e672349cebfcf8bb8706b574d293a786b6f75	137	measurements/04-before/terminal.log
0b1a2a3427c3b56a3e4e76da0a201dc4659a0f01c683e840d6ab3c4d6c1934c9	460	measurements/05-after/case.json
1a1a18fd80c59fc0b52c025385018f0f3c213a6260c946c037c4186e6ad2196c	178	measurements/05-after/child.json
e3b0c44298fc1c149afbf4c8996fb92427ae41e4649b934ca495991b7852b855	0	measurements/05-after/finish
461e8b105c5a2152fed7d088b5336e396855569a58dbb28aa5837bf94fb09646	125	measurements/05-after/kokuban.toml
4bd55bb653715c381360cc07dd1914f42a1cf0daa763ae3cebe294f2944db124	3558	measurements/05-after/result.json
f81f57189ba55d2e18eaacb85a9fd5967020d29625832bfc1eaf6dcd93c33eb6	4512	measurements/05-after/sample.json
8d866fdca0b6bd532e51b33d2d7858937f0f42cb56206dbdd296957855fefff8	137	measurements/05-after/terminal.log
358f7b564509fcc270a96b2d839b91e6bb09ab288b588d88909bcc68ba460972	460	measurements/05-before/case.json
d4adda670efa88943afaa664255d98089c327cf21991290e3c47b5f08815ec16	178	measurements/05-before/child.json
e3b0c44298fc1c149afbf4c8996fb92427ae41e4649b934ca495991b7852b855	0	measurements/05-before/finish
461e8b105c5a2152fed7d088b5336e396855569a58dbb28aa5837bf94fb09646	125	measurements/05-before/kokuban.toml
c2a82caba2e92fdc7fc6b353c4377669d94e15d3e1d2a8b4377fe56da552b48a	3539	measurements/05-before/result.json
aea9684396ec3bbf79e8dfbd45940887c303e4cdaf00bd69397055924c5005a9	4495	measurements/05-before/sample.json
6360076a334e478dec2cd04c9839ac0dae8883653e158ba9972e0c5f8ab84405	137	measurements/05-before/terminal.log
10643db29ca82a5c4a58294c3aca54107fd2a5adbf2b93fca16bf0b445a51c3e	92752	measurements/report.json
a834181975ab3494d51a1a01e4a9d4321fecd674a52e3db3cf93b3b84b6fc2c1	196	rustc.txt
74d3fce0ff0b66fdf9f4a5ecb1fec441761de2c7041ec481c803e25f78c391f4	213	system-packages.txt
66980138e3410d7ca6bdd2f7a19c0763d8247e4138f9b7040ad343144de6e173	1836	weston.log
